epoch,lr,train_loss
0.0,0.01,44.20980031149728
1.0,0.01,7.931799775078183
